<Environment>
 <Fog ViewDistance="8000" ViewDistanceLowSpec="1000" LDRGlobalDensMult="1"/>
 <Terrain DetailLayersViewDistRatio="1"/>
 <EnvState WindVector="1,0,0" BreezeGeneration="0" BreezeStrength="1" BreezeMovementSpeed="8" BreezeVariation="1" BreezeLifeTime="15" BreezeCount="4" BreezeSpawnRadius="25" BreezeSpread="0.f" BreezeRadius="5" ConsoleMergedMeshesPool="2750" ShowTerrainSurface="1" SunShadowsMinSpec="1" SunShadowsAdditionalCascadeMinSpec="0" SunShadowsClipPlaneRange="256" UseLayersActivation="0" SunLinkedToTOD="1"/>
 <VolFogShadows Enable="0" EnableForClouds="0"/>
 <CloudShadows CloudShadowTexture="" CloudShadowSpeed="0,0,0" CloudShadowTiling="1" CloudShadowBrightness="1" CloudShadowInvert="0"/>
 <ParticleLighting AmbientMul="0.5" LightsMul="0.5" SunMul="1"/>
 <SkyBox Material="Materials/Sky/Sky" MaterialLowSpec="Materials/Sky/Sky" Angle="0" Stretching="0.5"/>
 <Ocean Material="EngineAssets/Materials/Water/Ocean_default" CausticDepth="8" CausticIntensity="1" CausticsTilling="1"/>
 <OceanAnimation WindDirection="1" WindSpeed="4" WavesSpeed="1" WavesAmount="1.5" WavesSize="0.75"/>
 <Moon Latitude="240" Longitude="45" Size="0.5" Texture="Textures/Skys/Night/half_moon.dds"/>
 <HDRSetup BloomColor="255,255,255" BloomMul="1"/>
 <DynTexSource Width="256" Height="256"/>
</Environment>
